{"_wandb":{"runtime":352},"val_accuracy":9.782608695652174,"_timestamp":1.7480167039408433e+09,"_runtime":350.9002538,"_step":0,"epoch":1,"loss":260.96891260147095}