{"_runtime":354.2214342,"_wandb":{"runtime":684},"_step":0,"epoch":1,"loss":263.13551568984985,"val_accuracy":6.929347826086956,"_timestamp":1.74805437168385e+09}