{"_runtime":31.069453573,"_step":0,"epoch":1,"loss":262.0437307357788,"val_accuracy":9.103260869565217,"_wandb":{"runtime":35},"_timestamp":1.7480570036890779e+09}