{"accuracy":40,"_timestamp":1.748016128804983e+09,"_runtime":1.1898838999999999,"_step":4,"epoch":4,"_wandb":{"runtime":1},"loss":0.2}