{"val_accuracy":10.054347826086957,"_timestamp":1.748055596507105e+09,"_runtime":359.1874674,"_step":0,"epoch":1,"_wandb":{"runtime":360},"loss":261.5942313671112}