{"_runtime":2349.388052921,"_step":49,"_wandb":{"runtime":2350},"epoch":50,"loss":218.31756281852722,"val_accuracy":21.331521739130434,"_timestamp":1.7480615035541697e+09}