{"_runtime":1492.87050866,"_step":49,"epoch":50,"loss":186.36447286605835,"val_accuracy":21.875,"_timestamp":1.7480586067587323e+09,"_wandb":{"runtime":1496}}